tweets,labels
chale drop odds ğŸ¥º over the week bet chop me saa,Negative
eiii bra you dey ghğŸ˜‚ğŸ˜‚ğŸ˜‚ğŸ˜‚,Neutral
thank very much bra mrhaglah for always playing me shegahs song cool chop i really love that song waağŸ˜ƒğŸ˜ƒ mrhaglah sunupmelody hit,Positive
so wont they stop this thing  pushups na soldiers fo koraaa by saa adwuma no,Negative
yestee them waste my time for there saa i lef like,Negative
see i laugh saağŸ˜‚ğŸ˜‚,Positive
d for daben hmmm  a drop saa you never locate me,Negative
chale ur age doesnâ€™t match your kw ğŸ˜ƒanyways happy birthday bra ğŸ‚,Neutral
bro i root saağŸ¤£,Negative
bra nie punchline nice one,Positive
na wo se na Â£fÂ£ saa no eeeiii why u no dey chop anaa ğŸ¤£ğŸ¥°,Neutral
low key koko too do saa reach  cedis ei,Negative
now playing  x bra  roll like marijuana off the thelinkup mixtape,Neutral
some of you are mad or what  what at all does these politicians give you for a vibrant youth like you to be following them like dogs,Neutral
s man b bra aa na y kelewele na ay ğŸ˜’,Negative
enzo is bigger than him bra he won world also fifa youngest player ğŸ˜‚ğŸ˜‚,Positive
dem go come beat u oo bra,Positive
chale a vex saa,Negative
big boss i don tweet saa ano barb your giveaway some da today dier make my luck shine,Positive
the baby celebration bout to hit on saturday ğŸ”¥,Positive
he dey tension me saa hoh,Negative
must they always firm this n post it charlie we the youth are struggling hard oo they should give us a break bra forget me wai na ano get money ğŸ¤£ğŸ¤£,Negative
you then am vibe or weytin ei presido asÉ›m bÉ›n koraa ni addo  svo,Neutral
i fit make horny saa then blood dey comot nose,Negative
wei nso y player ğŸ¤£ğŸ¤£,No Sentiment
shatta you make i laf saa wey i come step  ma remote top n breakâ€™am ğŸ˜‚ğŸ˜‚ğŸ˜‚,Positive
lol see rashford frÉ› saint wallahi,Negative
oh saa  sxny,No Sentiment
akwaaba magic and they will be showing indian movies,No Sentiment
people de like these things too mich so noor mudryk come do small show against lipool them make noise saa,Negative
saa na osofo t osofo maame herh osofo maame y bad kyn jay bhad,Negative
so u no go bring ma own enti saa na yÉ›di É”dÉ” ğŸ˜ŒğŸ˜Œ,Neutral
say bra and lemme hear ğŸ˜†ğŸ˜†,No Sentiment
idey somewhere you come convince me say make i do router every  days biaa the router go shun dey work asÉ›m bÉ›n nie ğŸ˜‚,Negative
one thing you for never talk for this life the money no be in own ibi in poppy in own ei ğŸ˜‚ni papa sika nyÉ› nu sika na É›yÉ› hena sika tarzan,Positive
ğŸ˜‚ğŸ˜‚ğŸ˜‚bro am lectures dey go on la wey he san nso dey take attendance ğŸ¤£ğŸ¤£ğŸ¤£,Neutral
chairman santana y  ğŸ˜­ğŸ˜­ğŸ˜¹ğŸ˜¹ğŸ˜¹ğŸ˜¹ nobody dey mind am saf nso still  ğŸ˜­ğŸ˜­ğŸ˜­,Negative
i do some i no sick saa den the card die since  â˜ºï¸,Negative
bra bra iâ€™m not in the moodâ€¦their reply was a waste to girls who bleedlast i checked u donâ€™t bleed,Negative
today i say make i wear pad then see herh saa pad mu yd ei my balls all make coldğŸ˜©,Negative
mr mensah x king paluta the money official music video,No Sentiment
my own lef me go marry after  years ur own sef considered u saa for  years she deserves a degree certificate sha,Negative
bra kwesi fb,Neutral
so dis gender kraa yğŸ˜¤ u claim u arent ready for a relationship bt ready to spend and accept every gift de guy offersğŸ˜’ chale if i follow dis people ago talk saağŸ™„ğŸš¶ğŸš¶,Negative
na toddy boley dey stadium bridge nso na he dey check big chance for flashscore ğŸ¤£ğŸ˜‚ ur man cant believe it ğŸ¤£ğŸ˜‚  sldlpuus,Negative
kuyabonakala ukuthi umdala buzwe usabiza i bra nge body ğŸ¤£ğŸ¤£ğŸ¤£ğŸ¤£ i am ğŸ’€,Neutral
new ne gyimii saa,Negative
doc my woman experiences all plus lower abdominal pains at first they said she had candidiasis buh we have treated it saa no results,Negative
no more bra and shorts on my screen wheeew,Neutral
ow this shs dem nor take do you saağŸ˜‚,Neutral
massa  he no talk say ghanaian no de support am  he no talk say his colleagues de eny am  charlie we all de ghana ooo bra,Negative
ğŸ˜‚ğŸ˜‚ i dey lie â€¦ wat we noe is sex sex saa  we canâ€™t contribute nothing to the world,Negative
ghana roads nti everyday car for go mechanic asÉ›m bÉ›n kraa nie,Negative
i do am saa bro,Positive
but actually its true paaa until you shout easy bra ğŸ¤£,Neutral
after all this rigged world cup u saa want the golden bootğŸ˜‚ğŸ˜‚,Positive
sons of dr osei kwame despite stepped in clean for his st birthday celebration yesterday ğŸ“¸  no copyright infringement intended all rights and credits are reserved for the rightful owners,Positive
i drop saa buh still ano get ğŸ™,Negative
were you there when sark rejected record deals where did you see him receive one masa you canâ€™t fight aa go find warrior cos ino wan make you cry before bed aden bring numbers nso dabiaa stone dey go wey he dey fight for landlord with waleğŸ˜‚ğŸ˜‚ğŸ˜‚ mmoa mmienu,Negative
hw ooo he saa nso dey want better reason to break up chai lord whatever sinful lifestyle im living make i no mumu like this wan amenğŸ™,Positive
bra andy if you are talking about rounds like we go go hook up pay as you earn oo na this gifts and small small i am hungry money and some airtime and stuff like the hook up side saf be money well spent because it doesnt come with stress and the emotional damages,Negative
this time yaa charrge s gyata forgetti ghacemhappy birthday to you bra john ğŸ‚ğŸ‰ğŸˆğŸŠ,Positive
ğŸ˜‚ğŸ˜‚ğŸ˜‚u dey here dey advertise alcohol say make we drink,Negative
ei everton nsoleme keep quiet,Positive
u get money come pay saa nso dey spy ur phone topwhy not stay home nd check onlineedey vex me pass but once a while adey pass through especially ucl night sekof the atmosphere b epic ğŸ”¥ğŸ”¥,Neutral
ive drop saa you dont want to follow me some ğŸ˜”,Negative
this is why some of us are against this trumuutrumuu thing oo you talk nso a theyâ€™ll say youâ€™re homophobic hmm,Negative
dem hype my man saa all tournament one match p kill ein career,Negative
ohh really saa i think he was our best player without scientific data source he deserves the award,Neutral
chale man for bÉ”É” bra oo hmm  stg,No Sentiment
wobisa s saawotumi hire fine girls nkoaaa wor wo video mu nso you nor dey touch dm seff s y wo f ğŸ˜‚,Positive & Negative
yo wode wey things you dey spy like thatğŸ˜…,Neutral
he wont give up nso maybe u shld rather reach for your my first grammar book let it show u the corelation between  flagstaff housepalace as seats of authority and stadiumburma camp sports field as playgrounds ğŸ˜œ,Neutral
bra mike said heâ€™s posted on the block watching his opps,No Sentiment
do your way bra,No Sentiment
come n like this guyâ€™s comment wai na nye saaâ€¦ because eii,Neutral
nso dem wey dey make noise ğŸ˜‚ğŸ˜‚ğŸ˜‚,Positive
no be like say adey chop omotuo oo gentleman man saa na ulcer,Negative
chelsea foc nso de see how happy youâ€™re after getting this ntebe player,Neutral
ğŸ˜‚ğŸ˜‚ğŸ˜‚ğŸ˜‚bra yimma say time no dey oo hours reply,Negative
in ya eyes bra,Neutral
i shock give am waaaaaaa rasta bÉ›n nie,Negative
a shock koraa turkey too be place we dey hustle for wey he brag saa like that ğŸ¤£ğŸ¤£ğŸ¤£ğŸ¤£,Negative
if nigerian artists are rec in ghana as international then king sarkodie hands down bra sammy,Positive
bra y steady okay,Negative
na ass no nso y round round te s watamelon,Neutral
birthday girlâ¤ï¸ğŸ‰ğŸ‰ bra andy bless ur girlğŸ¤© feb daybreakhitz  ğŸ¤©ğŸ˜  s,Positive
so wode how you fit know if the back up they effective or not or ebe play thing cus people dey visit but them dey hide under the shadows of wode ğŸ˜‚,Negative
blacko too go gv us bel mu bel ğŸ˜‚ğŸ˜‚ğŸ˜‚ğŸ˜‚ asem bÉ›n koraa nie,Negative
yafollow afollow saa nso ğŸ˜‚ğŸ˜‚ğŸ˜‚ğŸ˜‚ğŸ˜‚,Neutral
who dey cry  adey cry over kaly jay ğŸ¤£ğŸ¤£woy kwasia saa,Negative
our É›yÉ› red wa te,Negative
boss i drop saa nsoprove to me that its realğŸ™â¤  sn,Neutral
good morning bra andy iâ€™m deetrid godella from botwe the answer to the question is tumor daybreakhitz,No Sentiment
ah ebi passport dem dey use to travel eii saağŸ¤”ğŸ¤”,Neutral
everyone in that region will get highsiasm saa,Negative
a laugh saa charle ğŸ˜…ğŸ˜…ğŸ’€,No Sentiment
be like i will never win some oo since last week till now iâ€™ve been participating saa but nothing  lawrence asante,Negative
wo rushi saa nso wo tailor kraa ny papa biaa saa ah kabutey paağŸ˜‚ğŸ˜‚ğŸ˜‚,Negative
yesu this time dier look sharp give me your notification dey on sef i drop saa i never get,Negative
bra mike be like he go dey the road keep ğŸ˜‚ğŸ˜‚as for nii armah dierr make he forget or the beyonce collab would do it for him ğŸ˜‚,Negative
the gallaghercheek pivot di we go see mmom kovacic nso di ei,No Sentiment
if u no no football dont talk about it bra ğŸ¤£ğŸ¤£ğŸ¤£,Negative
industry no obia pretene nti me ndi mu agoroobesre wo anim nanso nakuma no aproonly time a mene boys hyia ye backstageeno koraa yebo nkomo kakra a we have spacei dont wanna get too comfortable with a niggaeba ne saa a wo ka me ho asem a me back caseğŸ˜ŠğŸ˜ŠğŸ¦…ğŸ¦…ğŸ¦…ğŸ¦…ğŸ¦…,Negative
i donâ€™t want to look rich but to create wealth to impact peopleâ€™s lives â€“ wode maya   skfsbsqcw,Positive
kwasia me adey love boobs howğŸ˜‚ğŸ˜‚eno be  wey dey love you di gyimie saağŸ˜‚ğŸ˜‚,Positive
the girl doesnâ€™t like you buh when she sees you with another girl and sheâ€™s jealousâ€¦no nso y dn no be bayisem be that,Negative
na u sark nation or who u mennerz dey call ursef u figa ur brains wrk pass anyone anaa gyimi keka kwağŸ˜¤ğŸ˜¤ğŸ˜¤ dats yy ur mcm is still a local champion yÉ›bu É›bÉ› bi sÉ› É”kÉ”mfoÉ” wagyimi no ne bosom nso agyimi,Negative
i send â€œenokayâ€ my number â€œâ€ saa he no send me money ğŸ¥²ğŸ¥²ğŸ˜‚ğŸ˜‚ğŸ˜‚ğŸ˜‚ğŸ’€,Negative
pls na pik nso he or she begs,Positive
bo wo bra,Negative
newmusicalertogidi brown  broken heart produced by bra dondo shub  stcotpenepefc,Neutral
e be the akohwi bra too booze then chicks,Neutral
gambo that vgma dey do meet and greet sef dem no dey invite am nu what he go do for grammys branch for africa nominee,Neutral
crashing nu y mu levels we dey stage one heâ€™s basically saying help us not to get to stage  ny saa la wu,Negative
you no hy da fine saa but y normal,Negative
miracle paa ğŸ¤£ğŸ¤£ğŸ¤£ gidigidi nso nothing,Negative
aane yemi no hear he dey tell the girls lol ğŸ˜‚,Negative
me and you get beef bra ğŸ˜‚ğŸ˜‚ğŸ˜‚,Negative
wey reshuffle smh ab koro nsuo ğŸ¤¦â€â™‚ï¸,Neutral
aaa saa na de keeper be masonğŸ˜‚ğŸ˜‚,Neutral
see the way wamuna nanim nso jon,Negative
they insulted you for this then i will be insulted almost everyday because ide wear any cover ups its my gym bra amp shorts i cant be washing plenty things biko,Negative
kg breast be Â¢ na akokÉ” no ankasa yÉ› tÉ” no sÉ›n,Neutral
dey won bra,Positive
i dey wan big money saa wey i go select win ove for ajax chai ğŸ˜‚,Positive
you dey mind saa kwasia boi wei,Negative
wode be hard guy,Neutral
ebi so the world deywodeÉ› É›yÉ› wo yaÉ”de akyÉ› wo koraa,Positive
asin everything she go put on from pant to bra go dey her status,Negative
i dey front seat saa nso nothingebi obinim backside dey motivate me me nsua hwee heeehee,Negative
i work oo and i hadnt slept the night before bruh i sit work saa till end of day i no go lunch self ğŸ¤£,Negative
ur avi der pressure oooswag boilol crucifix,Positive
chale y u dey lie me u no ff,Negative
ok a dey weg,Positive
how far,Positive
mmo wayÉ› adeÉ› â€œ may   inoedeybiz medi wakyi di makyi bi waiâ€,Positive
may   inoedeybiz medi wakyi di makyi bi wai,Positive
o charley,Neutral
chaley typical twi paa  thumbs up,Positive
allow am small wae   wopÉ› koraa dodo,Positive
and  twi i beg how do i get tha twi alphabets,Non Twi
chaley ffbk wai,Positive
twi b wat,Positive
i dey chop beans no be watse,Positive
ampa ara â€œ  yhh ibi trueâ€,Positive
yhh ibi true,Positive
saa na É›yÉ› â€œ â€œ mframa de hoo repÉ› adeÉ› a É”nyaâ€herh charle i dey feel u wate u dey fit mke i laugh saaâ€,Positive
â€œ mframa de hoo repÉ› adeÉ› a É”nyaâ€herh charle i dey feel u wate u dey fit mke i laugh saa,Positive
paa â€œ you dawged me     ei whereve u beenâ€,Neutral
you dawged me     ei whereve u been,Non Twi
u dey uk wey u dey talk twi like dat nu  aso mu nni nkwantia,Positive
hahahaha  chaleu gt ghanaian language keyboard or wat   ohia yÉ›di no wÉ” fie na yÉ›nni no,Positive
lol  efi sÉ› mo a mote ghana no nka ntwerÉ› twi no â€œ u dey uk wey u dey talk twi like dat nu  aso mu nni,Positive
buei  some serious twi bwoooooiii â˜ºğŸ‘Š   aane â€œ  yoo ma ti i hope sÉ› biribâ€¦,Non Twi
wat can com can com nw dat its comin he dey run oh powers,Ghanaian Pidgin
folo me bak wae,Positive
real talk     obi nni wo a É”frÉ› wo aboa bi,Positive
twi â€œ abg wch language b dis wan again   sÉ›deÉ› sekan teÉ› no saara nso na bÉ”ha teÉ›â€,Positive
dey there eh â€œ ahoÉ”fÉ› ntua É›kaâ€,Positive
some serious twi bwoooooiii â˜ºğŸ‘Š â€œ aane â€œ  yoo ma ti i hope sÉ› biribi ara da bimâ€â€,Positive
richman go die poor man too go die  osikani bÉ›wu ohiani bÉ›wu,Positive
onyame mmoa na ghana nto aba no asomdwoeÉ› mu    days left for election   cont,Positive
e hard oooâ€œ i dont know if theres a living corpse â€œ touching a dead corpseeeeeeiâ€â€,Non Twi
every money be money  wommu kaperÉ› a wonnya damma,Positive
deep   awaduro mmienu redi asie a kosua se merekÉ” pata,Positive
we tke giv ust class    nnipa baanu gyimi a efie bÉ”cc,Positive
buei  some serious twi bwoooooiii â˜ºğŸ‘Š   aane â€œ  yoo ma ti i hope sÉ› biribi ara da bim,Positive
nigerian pidgin lexicon bi like that,Neutral
verify something thats the twi for snow she dey form ğŸ”¥  shw,Positive
all of u get problem,Negative
massa i doff my hat to you you be wise waaaa,Positive
n is that kumawu u have there as ur headerğŸ˜³ğŸ˜³ğŸ‘ŠğŸ‘Š,Neutral
hmm you see rich man wey dey listen to advice before,Neutral
airdrop fo telos bsc ehereum defi,Neutral
airdrop fo telos bsc ehereum defi  nft games,Neutral
dreamfarmwax offering is real offering i wanna tokens,Positive
demon gonna rise up with game nft lets hype and rise,Positive
u forceğŸ˜‚,Positive
all my guy dey try put here be say no try jump fire if you sabi say cotton dey ur nyas na ur own wahala be that oooo,Neutral
ah that be serious proverb ğŸ˜‚ğŸ˜‚ğŸ˜‚,Neutral
ah chale ğŸ˜‚ğŸ˜‚,Neutral
airdrop roya token that i wanna get into my wallet thanks for the oppounity to the moon ğŸš€ğŸŒ’,Positive
bro you know the kind deals your pastor sef dey do dey take survive for this ghana you guys are just to naive ğŸ˜‚ğŸ˜‚ğŸ˜‚,Neutral
masa three noaa na y p,Neutral
oh hell naw you lot ainâ€™t slick those who instigated the votes were never ewes it were the akans who settled there during the war at the meantime some chiefs in the noh swear alliengience to otumfuo on the land of the ewes and want a land of their own which is not theirs,Neutral
abi u dierr u be peterğŸ˜‚ğŸ˜‚,Neutral
there noor  the usual no point arguing with you fail to reason lol you think you are reasoning lets learn to engage,Positive
if you no wise up with women them go turn you into gyimi or okotobonku,Negative
defi gin dapp blockchain airdropgin,Neutral
why do you tag a stranger ion even understand this shit,Neutral
e leff small like we dey find him naa wey he saa lost again so we still searching ğŸ˜¤ğŸ˜¤,Negative
he is a joke aswere ğŸ˜‚ğŸ˜‚ğŸ˜‚ğŸ˜‚ see who get criticizing mouth ay no go mess like this ğŸ˜‚ğŸ˜‚ğŸ˜‚ depression di saa ğŸ˜‚,Negative
i saa drop again,Negative
so me ano dey inside or watğŸ˜­ğŸ˜­ nagodfc  i have reply saa buh still not received mine awwğŸ˜­ğŸ˜­  spgvo,Negative
chale i watch the thing liketimesi laugh saağŸ˜‚ğŸ˜‚ğŸ˜‚puom musicğŸ˜‚ğŸ”¥,Positive
i barb but my point is some want u to move almost immediately even if they can see itâ€™s not convenient for u like maybe thereâ€™s another car blocking u in the other lane one time one driver did that and i intentionally blocked him saa until he changed direction,No Sentiment
yaa deyğŸ˜‚ğŸ˜‚ğŸ˜‚ğŸ˜‚,Neutral
this one says atsu has been foundthis also says he hasnt been foundfirst to break the news foÉ”we begthink about his wife and family okdem dey go through alotmu pÉ› saa dodo,Negative
i drop saa i tire sef,Negative
chairman pls today di bless me with some amount na your give aways never reach my turn  yaw agyei,Negative
i check saa i no get some man no nice ğŸ˜’,Negative
your own dey come aboa bi ba bi saa,Negative
this thing some do me before  adey check in some white couple wey them dy stress me  wey atalk for twi inside sey â€œmo hâ€™adwen oâ€ the man say saa plus the twi accent wey them dy laugh bro ğŸ˜‚ğŸ˜‚ğŸ˜‚ğŸ˜‚ğŸ˜‚atear roff,Neutral
as dem chop your mother saa what she get from am,Negative
dem bench am saa last minute kraa before he come play some,Positive & Negative
chale i laugh saa ğŸ˜‚ğŸ˜‚ğŸ˜‚ sark er,Neutral
me too make i drop i did saa u didnt see the tweet i try to find it too have engage saaa ur tjunhs kwaaa adey see brogad,Negative
aaah u koraa why cuzz dis morning u dey broke boys our top saa wosopğŸ˜‚ğŸ˜‚ğŸ˜‚,Neutral
stonebwoy trying to connect himself with big artists but some ghanaians dey troll him moa,Negative
we like am saa wai please tell your people that defeats are also part of the game ok,Neutral
saa al batin team wey ibi relegation nor dem go go laarh ğŸ˜­ğŸ˜­ğŸ˜­ğŸ˜­,Neutral
akwasi appiah sef no go comeğŸ˜‚ğŸ’”,Neutral
i drop saa but it never reach me   make i receive the blessing some,Negative
afi do saa then i conf then i go vex dawgğŸ¤£,Negative
the boys call me saa iâ€™m back,Positive
allah yabada saa,Non Twi
you go do saa then the thing go tear ein eye top â€¦first time proper come your life inside see what you dey do,Negative
piratebay wey them barb them saağŸ˜¹ğŸ˜¹  sgjn,Neutral
ladies like diz kinda style alot u lyk sambody u will wait till sambody cams to give u competition for me i blame yaa you had this guy to yourself in the past n always sayn no to him,Negative
yaw tog e dey chop oo,Neutral
nanka dem saa for lash am as he dey ground,Negative
we dey do this thing againwe go play saa then dem equalize,Neutral
dem plant some greens saa add tree senior contractor go vex oooo,Neutral
i drop my number saa ano get the momo some ebi ghost wey dey do me so or wat,Neutral
chale the song den dey play for the video inside nu â€¦ dem dey play for funeral under waaâ€¦ i search am saa i taya abeg where ago get the full mix,Negative
u never dey follow to broğŸ¤£ğŸ¤£ i do saa,Negative
ğŸ˜‚i laugh saa,Positive
nigga dey blow nonfa saa ğŸ˜‚,Negative
nah akosua achiaa fine too much why,Positive
so addo d do saa make finance minister still dey on power,Neutral
ah buh you sef one day some lady go choose youğŸ˜‚ğŸ˜‚wo saa no,Neutral
that food a try saa but never been successful eating it,Negative
as boys wan buy nursing forms give yaw tog de we go do contribution give kwesi arthur too then he take go dubai then do some mason work cos he shun dey do musicğŸ˜­ğŸ˜‚,Neutral
i laff saa that guy is cursing saa ğŸ˜‚ğŸ˜‚ğŸ˜‚,Positive & Negative
notifications also on been tweeting saa but u no mind me all the same,Neutral
we need a marriage minister na the girls dey cheat we you go dey plus them saa na old man bi come take we want them to be married by force to us,Neutral
you go do saa then his record label go find u in public and do the needful hmm,Ghanaian Pidgin
i love the way this akosua girl get passion give sports  i love you girlâ€¦ go on doing your own thing na god is watching wai â¤ï¸ğŸ‡¬ğŸ‡­,Positive
so chelsea do eye red saa buy enzo,Positive
song wey yaa pono dey top bi top notch ğŸ”¥ banku,Positive
bestie bestie saa den u eat am ğŸ˜­,Positive & Negative
this guy i score am saa,Neutral
chale â€œyaa maameâ€ dey,Neutral
she no dey see the fine fine black americans wey get nice nyash for usa sef dey pri marry black manğŸ˜‚ğŸ˜‚na you akosua ageyapomaaa from ghana you want white manna where you go meet some for sef,Negative
no be that alone bro i dey take madrid win bet saa i bet the game under  wey put big one for topi am still smiling ğŸ˜‚ğŸ˜‚ğŸ˜‚,Positive
saa god go come atiabanku,Neutral
pressure from who u watch wonna match today plus evertonâ€¦go check highlights dem chop yellow saaa bugabuga,Negative
you guys bought lukaku dede saa na he turn bankuğŸ˜‚,Negative
bet deir you for use  your mind to it ooo else dem go chop you saa,Neutral
norr we dey joke dey joke but charle this be someway paaa oh  why these people dem just no go fi free dem  these people sef i sure sey dem struggle saa before dem get people come do this thing ibi wickedness or what  kmt  snzipogudm,Negative
jon when will you change your mindset you say same to yaw tog not to feature sarkodie buh rydee  where he dey,Non Twi
bossu them do saa all my money leff ghps aah i conf seff,Negative
blakk rasta ankasa no bro shda know am saa oo aboa banku be popular pass am mmom,Negative
hmm saa i no realize that sef,Neutral
you go do saa then i lash you,Negative
so god dey play us like tv game ny saa,Negative
i just sleep saa everybody do ein partthe japanese guy for celtic score,No Sentiment
chairman  toast me plus momo giveaway saa,Negative
your boyfriend ein friend buy car but you wey dey  sit for front  eii akosua brobbey,Negative
yaa we beg time no reach,Positive
i laugh saa,Neutral
akosua too dey hold oooo,Neutral
big ups to senegaleseteam  you dae see how them dae do perfect selections without kululu nkrasisem saa na afi so s i know my level   tell them,Negative
i drop saa boss,Neutral
you no get money dier saa  well spend and spend and youll continue to cry and cry ğŸ˜‚ğŸ˜‚ğŸ˜‚ğŸ˜‚,Negative
blacko go do saa na sad boys start dey drip like thisğŸ˜‚ğŸ˜‚  swhrp,Neutral
make dem know idol sie line saağŸ˜‚ğŸ˜‚ğŸ˜‚,Neutral
aww bossman please dont forget me ds evening too really dey beg ui tweeted saa ds morning but nothing not ds evening please,Negative
chale the bet i try register saa e nor dey work ooo,Negative
boss no check ma page i post saa,Negative
somebody feature you in his song too ahh you dey jab sarkodie hmmn yaa pono ankasa eeeiii atiabanku,Negative
it dey bost my brain saa,Neutral
ğŸ™  i drop saa but i never chop some beforeğŸ™ğŸ™ğŸ™,Neutral
the way chelsea fans dey refresh fabrizio ein page nbs dem go do saa till the phone ankasa restart,Neutral
e hard oo mechanics dey fit like me saa then i dey beg,Negative
one slip you talk am saa,Negative
yaa no bi bad kindly ff back odo,Positive
hahaha ah see omo de s omo anoforever she remains the goat ğŸ and go make them bleed saa ğŸ¤£ğŸ¤£ğŸ¤£,Negative
i tweet saa i tire,Negative
i drop saa ğŸ™   spnopifo,Neutral
saa ache no de he dey bore sefhe couldnt even manage ashgold,Negative
bossu i tweet saa u always dey skip me a stcoztvyhtofl,Negative
fine girls like this wey go chop money saa aswearğŸ¤” sohofriday,Positive
saağŸ˜‚ğŸ˜‚ so ego be gbushiagbushia,Positive
ğŸ˜‚ u messop oğŸ˜‚ i laf saa,Negative
you dey like the guy too much you talk saa he left so what be your problem nowğŸ¤£,Negative
i tweet saa uno dey mind me sef,Negative
ahh bruh u better put some respect on akwasi appiahs name,Positive
he no dey find nehemiah eii na ono so okaa s guy no mbue nehemiah saa de gyee din nehemiah a nebue dindindin saa no hehehe wammpon aa anka agye omo da asore dan mu h hehehe,Positive & Negative
you people go hype greenwood saa then next month we go see am for nsawam prisons,Negative
we send this kinda saa enever reach wanna top that,Neutral
as shatta wale dey shade the media presenters and journalists he forget the meaning of â€œ cyber bullying â€œ â€¦ the weed smokers dey der dey do daddy dat daddy dat monitwaaasidi in yaa pono voice,Neutral
yaa pono dey love beef pass atiabanku,Positive
saa rasta wei ankasa we for lash am na be too funny ğŸ˜‚,Positive & Negative
so as i drop saa wey anor get somee goood bro ğŸ˜¥ğŸ˜¥ğŸ˜¥ğŸ˜¥ wey adey follow him and more hmm,Negative
where i dey too self,Neutral
we dey hype saa den it cast,Negative
this vibe be making me laugh saa ğŸ˜‚ğŸ˜‚ğŸ˜‚  swgrd,Positive
so he do saa he get ğŸ¤ it oooo,Positive
chale u squad for talk we things udey do oo everyday budget saa but nothing better,Negative
abena can go to hell for all i careâ€¦he should marry yaa quick sef,Negative
u force saa get handshake ğŸ¤ wkhkyd,Positive
boss i send saa you no dey see me sef   stuyy,Negative
u dey mean say your man be yaw dabo  smznmlo,Neutral
hype saa na he flop,Negative
graham potter de s akwasi appiah y oooğŸ˜­ğŸ˜­ğŸ˜­ğŸ˜‚ğŸ’™,Non Twi
abeiku wey them skip am like back benchers and am lectures saa no,Negative
lmao he come yob we figa say he go go scot free i think about it saağŸ˜‚,Neutral
chill bro sark nodey carry bozos dema matter put ihn heart saa you barb,Neutral
ah so this be yaa naa funeral,Negative
blood sample you go draw you stab stab me saa madam why i steal your something,Negative
fear women ooo bernard shock saa he no know what he go talk mpo again she no dey allow make he talk sef ğŸ˜‚,Negative
chale yaw dabo dey tear me oo he dey tease don little too much ğŸ˜€ğŸ˜€ğŸ˜€  sg,Negative
but akwasi fodjour dey ghana dey talk say sarkodie canâ€™t win because he no dey rap in englishğŸ¤­,Negative
if you dey do konkonsa wey them talk you say â€œauntie ataa yaa ba no awo ooâ€ donâ€™t you say ei in shock,Neutral
madwen ho saa i just dont get it moretimes them for change coach,Non Twi
bossu why we finish the giveaway anaa i tweet saa ny hands all dey hurt,Negative
masa saa delete one delete one ne nonfa lyy no de unu fi stop dat tings oo,Negative
ago return the favor ğŸ˜‚ ago unfollow den saa block dem ğŸ˜‚,Negative
if aglow people still no dey get answers for the nation akosua mada koraa,Negative
yaa pono mia de song waaa ğŸ”¥ğŸ”¥ğŸ”¥ banku,Positive
i do saa i no win some before oo vamos ğŸ”´ğŸ”µ,Negative
you use kirkland saa from first year but nothing comeat this point dier you for start dey drink o,Neutral
dem lash you saa how dem go fearğŸ¤£,Negative
grandpa paa sei na u dey like agenda saa no,Positive
u de sometimes i wonder if ur family no dey advice you death isnt something to joke around with,Negative
lowkey yaw hero en too young song dey go on past any of kweku flick en songs,Neutral
eeei dem lose againğŸ™†ğŸ˜¿i know sometimes these players go in for the money kos ghana no good and all that nanso i must confess that al batin team nu dir ny oo nanka play kotoko like that eeer ğŸ˜©,Negative
aww boss  abeg look ma way a tweet saa,Negative
u do saa e no reach me,Negative
lmao you know what cavs take do meğŸ˜‚ğŸ˜‚ğŸ˜‚i switch teams saa rydee i shun dey watch saf,Negative
u get small bundle noor u cam tweet nonsense dey search for attention u get yaa pono for ur family inside aa anka ego be u waa,Negative
make one artist diss yaa pono this morning make agenda sweet errr cos ğŸ˜‚ğŸ˜‚ğŸ˜‚,Negative
hmmm saa boy wei cy lost soul ooğŸ˜‚ğŸ˜‚ğŸ˜‚ iâ€™m surprised itâ€™s not,No Sentiment
ronaldo keeps raising the bar yaw dabo no fit reachğŸ˜­ğŸ˜­ crğ“ƒµ,Positive & Negative
bro adey follow u saa but ano win ur giveway some today bless me small,Neutral
messi for do something nny saa yawuadey fear pass herrğŸ˜‚,Neutral
song dey parp gyae saa,Neutral
chale yawa dey  syfndne,Negative
see heri know this paadont beg for water it will raindont beg for food dont beg for money saa then you die before your time pride is killing mist youth learn to beg when neededwe all need somebody to success,Negative
yaa pono ein verse on this track be wild ngl ğŸ˜­ğŸ”¥ğŸ”¥ banku,Positive
ah theyâ€™re trying to tell me christian atsu was mistaken for somebody and that heâ€™s still not being found akwasi broni no be competent again eeii,Negative
this song a fit repeat saa ğŸ˜‚ğŸ˜‚if adey soak the album,Positive
aden he dey bring  to the world anaa,Neutral
nso u like the last part pass everyone,Neutral
yele man where u go hidenow u lost for here koraa ğŸ¤£ğŸ¤£ğŸ¤£ğŸ¤£  me boa anaa,Neutral
you chop waakye anaa,Neutral
you cut the bet already anaa ğŸ˜…ğŸ¤£ğŸ˜‚,Neutral
but this guy is he pure no one is perfect nu he no hearor he no dey comort from earth anaa nonsense personğŸ¤£ğŸ˜†,Negative
bob okala in clock some anaa  u no go diss am ğŸ¤£ğŸ¤£ğŸ¤£ğŸ¤£,Neutral
make i cash out anaa last match,Neutral
chale the increasements be too much ooo,Negative
just go and help ur brother too you dey talk saaaa ahh wegyimi anaa,Negative
your bet e spoil anaa,Neutral
batis be  new team anaa,Neutral
sometimes i find it difficult to understand god sef mpo u dey dere nso,Neutral
ğŸ˜‚ğŸ˜‚ğŸ˜‚ atp iâ€™m tired but he got just like four people bi p nso ooo,Negative
beer ğŸº nso b one side here,Neutral
i just spent over hrs to uninstall amp reinstall mysql ğŸ˜¤ğŸ˜¤ğŸ˜¤this wont deter me imma gone learn am by crook oo or na hook nso oo,Neutral
disturb dey ein somewhere nso he catch stray bullet,Neutral
bet slip no endnso one teamğŸ¥²sportybetcode sportybetodd sportybet ghana grammys full video on the tubeğŸ˜­ stcovtevwkjv,Neutral
like play like play this superstition is working nso o,Positive
ei did i just hear this boy say â€œi love youâ€ at the end of the call anaa meebÉ”dam,Neutral
stop forcing stuffs on people ğŸ˜‚ğŸ˜‚ğŸ˜‚â€¦ebi force anaaâ€¦,Neutral
so you go win champions league this season anaa,Neutral
e be work anaağŸ¤”,Neutral
ya like you go buy anaa ğŸ˜‚,Neutral
fufu joint paa be this eh ebe cheap anaa see the girls sef ğŸ˜‚,Positive
bossu do you wanna spread them like runouts anaa lol,Neutral
dstv dem craze anaa just dey increase increase the prices no reason â€¦over gh increment in a month why,Neutral
din chairman woseee anaa bia mennhu no yie y me saa leme go my front,Neutral
wo y yalefuo anaa  them say help your bro you say you put another person on  secondly none of your songs with stone blow  sia ğŸ˜‚,Negative
the wey u circle dat side de ibi like say somebody ein mouth ooo ğŸ¤£anaa me bo dam,Neutral
ei you dey bath with voltic anaa ğŸ˜³,Neutral
dude dey eye a certain constituency anaa,Neutral
sporty tells me its invalid ğŸ¤” anaa ebe ma house pipo,Neutral
lol ğŸ˜‚ you wonna spread stdâ€™s anaa ğŸ˜‚ğŸ˜‚ğŸ˜‚ you wonâ€™t even win to become president sef ğŸ˜…ğŸ˜¤,Negative
oh chaleee ğŸ˜‚ try him small eh anaa,Neutral
you no get some for abroad anaağŸ˜­ cashfromabroad,Negative
u be me anaağŸ˜ƒ,Neutral
ğŸ˜‚ bro youâ€™re hurt anaa,Negative
ah chale anaa love of his life,Neutral
u people really dey lyk gÉ”bÉ› anaa the usual fanfooling naaa ğŸ¤”,Neutral
aden stone and shatta bi the only dancehall artist in ghana anaağŸ˜’,Neutral
i see am like i dey come tag youğŸ˜‚ it be like some senior man dey run the original site wey dem take the nra pass demma side anaa wosii i get too much sense so i start dey mad ğŸ˜‚,Negative
dem ask you what you want for valentine yet anaa ynkÉ” dağŸ˜‚,Neutral
hahahahaahha eehhh u bore anaa,Neutral
this one go be show and take anaa,Neutral
today letter no go come anaa,Neutral
why are you all trying to tell someone else team what should have been done ğŸ˜‚ğŸ˜‚ğŸ˜‚ğŸ˜‚ğŸ˜‚abeg oo quick question ğŸ™‹â€â™€ï¸ you no get team anaa â€¦,Neutral
you people no hear say wakyee kll some people for oyibi anaa ğŸ˜‚,Neutral
you dey wave we anaağŸ˜‚ğŸ˜‚,Neutral
you you be fool anaa,Negative
but he talk true nso oooo anaa meeb dam u can do better tho with urm followers,Positive
chale why your content finish anaa or you no get content ğŸ« ,Neutral
oh bro you too why anaa the it nor be it ğŸ˜‚ğŸ˜‚ğŸ˜‚ğŸ˜‚ğŸ˜‚ğŸ˜‚ğŸ˜‚,Neutral
ur news finish anaa aaaah tv paaa wei nso ye news,Negative
my easter gift that anaağŸ˜‚ğŸ˜‚,Neutral
this talking stage thing dey vex me obaa wopÎµ me anaa wompÎµ  ğŸ˜‚just say it,Neutral
e dey papp anaağŸ˜³,Neutral
those of single we go fi get girl for there anaa,Neutral
where is he going to get the money to pay those polling station executives if elected as president anaa tax payers money dey ğŸ˜,Negative
sia ebe motia sika anaa ğŸ˜‚ğŸ˜‚ğŸ˜‚,Neutral
ei i thought asantewaa is married anaa ğŸ˜³ğŸ˜³ this umar guy sef ğŸ˜‚ ayoo,Neutral
you be my boo already as the streets loves you i want to experiment if i will still get the pussy as they love you anaa you say i should take you like thatğŸ˜‚ğŸ˜‚ğŸ˜‚ğŸ’”,Neutral
ğŸ˜‚ eget feelings anaa,Neutral
ğŸ˜‚ make them go play amp anaa,Neutral
abeg u get nyash too anaağŸ¤”,Neutral
u get some people wey  always dey win anaa  cos eiiii,Positive
you mean them be useless anaa,Negative
you go drink koko anaa,Neutral
shwerh wo k t waakye na amelia se esi gyaso a wo tina h twn no anaa i dey go next joint,Neutral
ğŸ˜‚ğŸ¤£u be one of dem anaa,Neutral
ebe agbelima wey pour for the road too anaa,Neutral
make someone do this and surprise me with it on valâ€™s day err ğŸ¥²ğŸ¤£anaa meyale,Positive
why u den lebron dey dere anaa,Neutral
ala guy guy nurse make boys hide them ma women anaa,Neutral
you no bed yet anaa,Neutral
haha customer is king anaa i sure say somebody look drop in top line and change en mind ğŸ¤£ğŸ¤£ğŸ¤£ğŸ¤£ğŸ¤£ğŸ¤£,Neutral
card no y trophy anaa y top of the league,Neutral
them tk do u anaa ğŸ˜‚ğŸ’€,Ghanaian Pidgin
she block you so make we go bath river jordan anaanonfa nkoaa gh here,Neutral
enokay you say make a go bed anaa cuz anor get the alert ooo ğŸš¨,Neutral
you be minister youth employment anaa,Neutral
u wan turn jack alumi anaa,Neutral
somebody go buy then sanso ask say ebi original anaağŸ˜‚,Neutral
ah dem share the money finish anaa i wasnâ€™t lucky again or mine go soon come,Neutral
why tuozaafi no reach anaa,Neutral
why   dem come because of accra then kumasi people anaa dem no know say dem get ready market for some towns like obuasi,Neutral
u go do gimme anaa,Neutral
and you are still suffering anaa after the attack your pain go,Positive & Negative
kwasia show us u gotkwasia ur  cedis data wey u dey no anaaaboa kwasia ebi ur father wey he dey low lifei wont my time on u again son of ashawo,Negative
the door dey western region anaa,Neutral
anaa dem feed everybody after the grammys,Positive
ei vlahovic ainâ€™t mobile you no dey watch anaa vlahovic is a proven goal poacher,Neutral
your girl dey crush anaağŸ‘€,Neutral
you go do giveaway anaa,Neutral
cousin why pappy gv u broken heart anaa some othe vibe,Negative
so acknowledging ur partners wat nxt let chop the sponsorship money anaa ğŸ¤£ğŸ˜‚ğŸ¤£gfa,Negative
ah make late anaa,Neutral
hhaahah you think say ebi kung fu panda anaa,Neutral
make me too i do car giveaway anaa terms and conditions applyğŸ˜‚ğŸ’”what did i eat in my dream  days agoğŸ’€you must be following my girlfriendğŸ’€you must not follow anybody i know ğŸ’€you must not have tweeted todayğŸ’€all the best ğŸ¤,Neutral
i see nothing wrong with the dressing tooanaa lets wait for charlie dior,Neutral
oh you say appiah is a red flag anaa ğŸ˜‚ğŸ˜‚,Neutral
ghanaians no dey part anaa,Neutral
na wo se na Â£fÂ£ saa no eeeiii why u no dey chop anaa ğŸ¤£ğŸ¥°,Neutral
nana dem take do you anaa,Neutral
some pady chop your gal anaa,Negative
eeeiii blacko too woxxup old gee paa bola mu bola why ebi en great great grandfather en cloths anaa,Neutral
she be hook up girl anaa because i no dey understand ğŸ¤£,Negative
adey lie anaa papa u still no dey support lipool,Negative
y stonebwoy he go thereâ€™s sekof photo shoot anaa ğŸ˜‚ğŸ˜‚ğŸ˜‚,Neutral
e be tour dem come anaa cause i see nicki minaj for madina atomic junction  suqfki,Neutral
bro sark has done something wrong with you anaa,Neutral
that guy s he be muslim anaa,Neutral
i get your own sef ago chop ğŸ˜‚ make i come anaa,Neutral
ah chale i rec sey if i sit class inside wey empty space dey my body a nobody want tap my side something dey wrong me anaa,Neutral
pz dey kumasi anaa plus be k kw iphone get price o,Neutral
but the wakanda movie no dey be oo anaa,Neutral
send momo make i go buy see say edey bee anaağŸ˜•ğŸ˜’ğŸ˜‚,Neutral
ğŸ‘€ you collect anaa,Neutral
we still dey the hustle top chalesome likes and retweets no go bad kraaaanaa ğŸ™‚,Positive
you go win anaa,Neutral
i donâ€™t understand u people and the word â€œemotionalâ€ does it sound like a bad thing to u  anaa u just dey say some kk,Neutral
ei twilight dey handle this account anaa,Neutral
the bbtitans dem dey pay you anaa cos you dey follow de show pass eii ğŸ¤”ğŸ˜…,Neutral
mke we drop number anaa,Neutral
chale ebi you anaa cos she mention some pappy ooo  sxwvdg,Neutral
what of gay guy fuk dem anaa,Neutral
you be dbee anaa eiiğŸ˜‚ğŸ˜‚ğŸ˜‚,Positive
so u dey come curse me anaa,Neutral
you dey th flow anaağŸ˜‚ğŸ˜‚ğŸ˜‚take care oo,Positive
you havent actually put any facts to the i have the fact you keep repeating anaa my english no good like tht lol,Neutral
u receive momo alert anaa,Neutral
now u wake up anaa,Neutral
gyi wae instead anaa  you wan talk small how much be your own  slcl,Neutral
bossu he show u anaa he no show u ğŸ˜‚ğŸ˜‚ğŸ˜‚,Neutral
the tin way you do neva good if he wear jeans tra n airmax aa like u will fall for him anaa his a good nigguh so stop dat tin and say sorry,Neutral
why  dey love wanna gee anaa ğŸ˜‚ğŸ˜‚,Neutral
nti ne kraakraa ne sn watn anaa nana,Neutral
some dey disturb you for your house anaağŸ˜‚ğŸ˜‚,Neutral
please oo     we tired of the prayers make we encourage our ewe people to take over anaa mabodam,Positive
make we crown you tourism minister erhâ€¦ anaa wose mebodam,Neutral
kidi and edem also went to the grammysâ€¦why dem no near the stars anaa or they were minding their business ğŸ¤£ğŸ¤£ğŸ¤£ğŸ¤£,Neutral
kidi and edem also went to the grammysâ€¦why dem no near the stars anaa or they were minding their business ğŸ¤£ğŸ¤£ğŸ¤£ğŸ¤£,Neutral
boy tech campus erh them get a place called ahinsan anaacos eeii,Neutral
ok he rules gh anaa,Neutral
so the wife and mother inlaw dem be cripples anaa,Neutral
on dis note de show for ksi will flop anaa ksi kingpin talk oooo ğŸ˜‚ğŸ˜‚ğŸ˜‚ğŸ˜‚ğŸ˜‚ğŸ˜‚ğŸ˜‚ğŸ˜‚ u joke too he will persuade u aaa den he sue u ğŸ˜‚ğŸ˜‚,Neutral
siakwa wkhkyd ebi peace keeping e go anaa funny musician ğŸ¤£ğŸ¤£ğŸ¤£ğŸ¤£,Neutral
y goals ğŸ”¥ğŸ”¥ğŸ”¥  wose n y  rounds anaa ğŸ¤£aksc wokumapemaapembeba,Neutral
na ur paddy anaa,Neutral
i donâ€™t know what to do or say to win a giveaway  ğŸ¤¦â€â™‚ï¸ğŸ’”   ido u bad anaa,Negative
na blacko nu yale anaa ğŸ˜‚ this your trouser be killer tuğŸ˜‚,Neutral
hating on who ah chale wagyimi anaawhich grammy winner adey hate um,Negative
all those doing giveaways do they have specific people wey them dey send the money give anaa eiiii hmmmğŸ¤”ğŸ˜ƒ,Neutral
make i change the rap style kakra anaaâ€¦ english through outâ€¦ raw freestyle ep watch out,Neutral
boy wagyimi anaau are praying for him me too am talking about how heâ€™s done his body,Negative
poverty summarized ğŸ¤£ğŸ¤£her u ppl u fool anaa the thing iâ€™m not talking about what had happen to him oo am talking about tattoos wagyimi anaa ğŸ¤£,Negative
i dont get it we are chasing ato essien for â‚µ million when the banking collapse caused us â‚µ billion this doesnt make senseeeeiii anaa mebÉ”dam,Neutral
ğŸ˜‚ğŸ¤£ğŸ˜‚ opana your money dem go take buy anaa,Neutral
aaaaaaa whats wrong with you  wagyimi anaa  you think we play with everything eeeepray pray and pray more that none of this happens to you,Negative
adn wabc tattoo nti he come steal your monies anaa you still dey think like our forefathers wey dem use powder come exchange our gold from dem sia man,Negative
udey buy one gimme anaağŸ˜‚ğŸ˜‚ğŸ˜‚,Neutral
youve no problem this was made in  by me buh i release it in  so lemme sing  u tonight ğŸ˜ğŸ˜ anaa ğŸ˜‚ğŸ˜ scrsq  srzwqsxdmf,Neutral
ah ma guy ğŸ˜‚ğŸ˜‚ğŸ˜‚ in hell anaa that part no dey count,Neutral
which bubble try your loki anaa,Neutral
abet ebi dis same coach bechem united beat  goals last time nu anaa,Neutral
hand combat anaa guns make dem drop the guns like you go see how boys go lash them ğŸ˜‚ğŸ˜‚,Negative
whats this bush talk about someone envying kumasi É›nkwaseakeka saa,Negative
u get gifts give we anaa,Neutral
enka u want sweetheart anaa bae ğŸ¤£ğŸ˜‚kafra bossu ğŸ¤£she noe bi romantic,Neutral
chaley fa wo kwasia k ooowonim nyansa kyen omo anaa,Negative
we both free anaa at least i didnt cheat,Neutral
and who caused it mahama anaa,Neutral
you start the cha cha gain area work in vain anaa,Negative
aaah tems chop  years for music inside anaa some people for ghana here start dey do music na ma mommy no meet ma poppi saf oo but bet koraa dem no getğŸ˜‚ğŸ˜‚ğŸ˜‚ğŸ˜‚,Negative
jon bull you no dey watch your own matches anaaâ€¦fwkk,Neutral
eeeeii my own no dey make sense anaa,Negative
so if you no win grammy aa you no be good anaa masa,Neutral
your oga reach togo anaa ğŸ˜‚,Neutral
hes englishanaa you forgetğŸ¤£ğŸ¤£,Neutral
he dey serenade her anaa,Neutral
why are you scared of monday the lecture go beat you anaa,Neutral
why secof abi black anaa whatâ€¦ğŸ¥²,Neutral
u dey drop soon anaa light off go meet you ğŸ˜‚,Neutral
make i ask her contact give you anaa,Neutral
manuel be underground artiste anaadaterush,Neutral
why the whole country dey use   anaa,Neutral
you then am get issue anaa cos ei,Neutral
ğŸ¤£ğŸ’”make them tell you anaa  slrlap,Neutral
it gets to some stage even the laughter sef you fit to just cry in the middle of driving while youâ€™re at okpongolo junction and the hawkers will just be looking at you â€œmaame wei wa bodam anaaâ€,Negative
are ghanaian lw men oo,No Sentiment
kane turned the thing around ğŸ¤¯haaland go fit do last minute miracle anaa daabi,Neutral
arh which year this anaa,Neutral
who gonna stop this two predatorsğŸ¤”ğŸ¤”  goals involvement in serie a this seasonğŸ”¥ğŸ”¥ğŸ”¥ i think harry maguireğŸ˜‚ğŸ˜‚ anaa mebdamğŸ¤£ğŸ’”,Neutral
pep nu wagyimi anaa laporte and dias on the bench but he plays walker as a cb kdb also benched,Negative
ur toto dey sweet pass ice cream come house make i chop again cuz i miss amanaa wose mame nka,Negative
she madğŸ˜‚ how can u test and know youre pregnant in less than  hours it should be close to two weeks anaa,Neutral
udey nupsg anaa,Neutral
bossu make me too dm anaa,Neutral
yeah why my tweet dey show saturday anaağŸ˜…,Neutral
we dey inside anaa ğŸ‘€,Neutral
thought they said it was false anaa  swnv,Neutral
wei why he be insecticide anaa ğŸ˜‚ğŸ’”,Neutral
someone take do you anaa,Neutral
ebe opana ihn birthday o yntwa no mb anaa,Neutral
eiiii why people de insult am anaa,Negative
u see your small club dem no get training kits anaa ğŸ˜‚ğŸ˜‚ğŸ˜‚,Neutral
reality things  what she dey talk be action movie anaa,Neutral
a comedian who can produce music that get more streams and views than your favorite artist damn shatta is good anaa,Positive
unless bamboowe fit bamboo amanaa the bamboo too one still no be ghana ğŸ˜…ğŸ˜…ğŸ˜…,Neutral
oh anaa adey lieğŸ˜‚,Neutral
why dem portal to a new dimension in the rooms anaa,Neutral
so make i drop anaa,Neutral
ei on your neck szn anaa because wow ğŸ˜,Neutral
ah warris this bbl gone wrong anaa,Neutral
make we add more anaa,Neutral
he be ghanaian anaa,Neutral
ah ebi golden floor and roof anaa,Neutral
ei go affect zone bundle anaa,Neutral
na ebi force anaağŸ¤£,Neutral
great minds think alike could it be a sign anaa i should change my dealer ğŸ˜‚,Neutral
i make late anaa,Neutral
say no to sports betting anaa woseone goal needed to win millions of ghana cedis  goal finally arrive but var says nowow heartbroken,Positive & Negative
u go argue anaa ğŸ¤”,Neutral
casemiro too you think football bi wrestling anaa,Neutral
yo  sup with the price won on your fmdriveshow yesterday im one of the winners but no feedback yet anaa mnfogete,Neutral
oh ten hag gave the world the reason anaa he retorted era ends ğŸ˜‚ğŸ˜‚,Neutral
liverpool fans dae cemetery anaağŸ˜‚,Neutral
na fred no y komfo anaa echeck like akom afa no,Negative
oh bro  why  one dey hold the mic â€¦ you nor see anaa,Neutral
eii fear catch you anaa,Neutral
penalty no dey ball insyd anaa ğŸ˜‚,Neutral
your mind dey inside anaa,Neutral
oh bross we den you get problem anaa,Negative
you be united fan anaa bro  ğŸ˜‚,Neutral
ebe true anaa ğŸ˜‚ because ei,Neutral
he be sickler anaa,Neutral
make i drop my momo number for nokofio anaa,Neutral
you buy some anaa  ğŸ˜‚,Neutral
pains make i give you extra sheet anaa gayga,Neutral
your heart dey cut anaa,Neutral
pls oooo yaapono also threw shots at sarkodie why dnt you guys talk abt yaapono anaa he be  ein paddy,Neutral
why wah really happen beno  some artist do you yawa anaa,Neutral
martial no he be sickler anaağŸ˜‚,Neutral
na mâ€™ose valentine gifts nu ebi give and take anaa this one too be specially dedicated to men and men aloneğŸ¤”valentinesday valsday valentinesdaygift,Neutral
leave kasoa anaa but thatâ€™s her domicile o she loves there pass ğŸ˜‚,Positive
but thats what he was bought for anaa,Neutral
why u then me get beef anaağŸ˜‚,Neutral
ğŸ˜‚ğŸ˜‚ğŸ˜‚she go luv watch movie anaa,Neutral
lmao i tell you but bloody my smallb dey ur side anaa wosi,Neutral
why bj y poison anaa,Neutral
how far ur team win anaa,Neutral
i dont even why i bought dstv ğŸ˜‚ğŸ˜‚ anaa dem do me juju if the subscription ends p i just remove the dish and hang it somewhere yaccine tv app is there for free,Neutral
some hair dey downtown anaa ny mani aaa ğŸ˜,Neutral
ebe the same tips we dey stake anaa cos eii ğŸ˜¸,Negative
first i go park watch am well then i go accelerate like  times make i see sey he go do some move anaağŸ˜‚ğŸ˜‚ if he no do any move nooor then i go twa som small c then sharp i dey go back to where i dey come from ğŸ˜‚ğŸ˜‚ğŸ˜‚ğŸ˜‚ğŸ˜‚ make he take that road ino go go again,Neutral
eno be real anaa cos i have been doing this and nothing shows,Negative
na u sark nation or who u mennerz dey call ursef u figa ur brains wrk pass anyone anaa gyimi keka kwağŸ˜¤ğŸ˜¤ğŸ˜¤ dats yy ur mcm is still a local champion yÉ›bu É›bÉ› bi sÉ› É”kÉ”mfoÉ” wagyimi no ne bosom nso agyimi,Negative
so he go be good than kdb anaa mmoağŸ˜‚,Neutral
mudryk no noa nie anaa he dey bench,Neutral
ah wagyimi anaawey game you dey watchğŸ˜‚,Negative
why ur dere u score anaa,Neutral
he make assist anaa,Neutral
he score hat trick anaa,Neutral
mudrych no play today anaa,Neutral
ahhh chelsea score  anaa,Neutral
eii aden y brick laying school anaa,Neutral
he chop weed toffee anaağŸ˜‚ğŸ˜‚,Neutral
make i drop number for dm anaa,Neutral
the giveaway if you not a guy you not part anaa,Neutral
chaiwkhkyd ğŸ˜‚ğŸ˜   you do all something for vals anaa,Negative
the boys all dey gym some war dey come anaa,Neutral
don i for use mtn num anaa cuz since yesterday enor reach me ooo,Neutral
no epl match anaa,Neutral
kw depression catch you anaa what be this plenty talk you got where you are now by tapping into other peoples business but come dey here dey talk plenty like kofi odurowe sef we taya you mandem,Negative
the friendly match no dem play am for ejisu anaa  ğŸ˜‚ğŸ˜‚shame,Neutral
sia u figa say i be u anaağŸ¤£ğŸ¤£ğŸ¤£,Neutral
ghana ğŸ‡¬ğŸ‡­  is eclipse from beautiful things anaa  eiii god what de wrong we,Neutral
anaa you say make i go sleep  ste,Neutral
be like am seeing  wana twitter trotro artisan for ur back o anaa ğŸ¤”ğŸ˜…,Neutral
bro the giveaway u finish anaa,Neutral
but why is  blocking you,Neutral
bossu why we finish the giveaway anaa i tweet saa ny hands all dey hurt,Neutral
you forget sdy technology they anaa,Neutral
something dey back anaağŸ˜‚,Neutral
i donâ€™t even know why heâ€™s always on the bench sefâ€¦why heâ€™s not good enough for potter anaa ğŸ˜,Neutral
looks like theres more to this than meets the eye blakk rasta den sark get some previous beef anaa,Neutral
adn you be obroni anaağŸ˜‚,Neutral
are you in ksi anaa  come office now now ğŸ˜,No Sentiment
ghana without king sark  is not ghana ebi niger anaa mebodam ğŸ˜‚ğŸ˜‚ğŸ˜‚ğŸ‡¬ğŸ‡­,Neutral
me ago takegh oooo make i go follow anaa,Neutral
i hope say ghanaians no go come talk say blacko should have removed his cap anaa mebodam ğŸ˜‚blacksherif  blacko,Neutral
so u no still dey see ma own anaa hmmm nagodfc  de mke i see dis one top adey begğŸ˜­ğŸ˜­  sfvfsauw,Neutral
ahhh so u figa say only ashantis have akan names anaa ğŸ˜…ğŸ˜‚ u hear akan name n u say ashante ğŸ˜…,Neutral
you too marry him out of good heart errhanaa marriage di good heart eni mu siaa,Neutral
so which mines you dey work with obuasi anaa tarkwa cos this mining dierr,Neutral
so whats up with the defense for abeiku santanasomebody beat am anaaagenda boys no go enjoy small trolling anymoreğŸ˜‚ğŸ¤£,Negative
aden she bi waakye anaa ğŸ˜‚ğŸ’”,Neutral
hahaha we are willing to pay bro but are they also willing to telecast it or anaa meboa âœŒï¸,Positive & Negative
adÉ›n dc chop  years anaaor sl too chop  years because the way you dey talk deÉ› ğŸ˜‚,Neutral
ebe wrong anaasiağŸ˜¹,Neutral
looks like february is running oo anaa,Neutral
you get job in saudi arabia anaa,Neutral
but it was civilised for black rasta to do it to another man abi feigning knowledge anaa y kasa,Neutral
so angel no be obolo anaa,Neutral
herh wagyimi anaa adey prepare contracts whatâ€™s there is heâ€™s not fully signed to def jam thatâ€™s all na fawo gyimi kc,Negative
oh so kejetia and makorla cast anaa  s,Neutral
y wossop  chairman bore anaa,Negative
konkoband for sign  eeeii why he dey auto repeat anaa boi dont make money ğŸ’µ n seeğŸ˜‚ğŸ˜‚ğŸ˜‚,Positive
for me anaa or make i komot,Neutral
u go send me momo anaa ğŸ‘€,Positive
he no dey twitter anaa,Neutral
ğŸ˜‚ğŸ˜‚ğŸ˜‚ğŸ˜‚ğŸ˜‚ğŸ˜‚ğŸ˜‚weiaden sark nadwen ny anaa den this says he was dropped but you said sark didnâ€™t accept ğŸ˜‚ğŸ˜‚ğŸ˜‚ğŸ˜‚ğŸ˜‚ğŸ˜‚ğŸ˜‚,Negative
but what efya said about blakk rasta eno be that bad she has an opinion and she leashed it anaa,Neutral
yo why ebi savages wey dey der anaa yo  call me,Neutral
but you people sometimes you dey ask some yawa questions ooo ğŸ˜‚ğŸ˜‚ğŸ˜‚ you neggers dey lack contents anaağŸ˜‚ğŸ˜‚ğŸ˜‚ how can you tell me this  you should ask the presidents dema wife and kids not the public ğŸ˜‚ğŸ˜‚,Negative
ah na what the chair then table dey for thereanaa ibe maakuo meeting u dey kam do  there,Neutral
en father be en manager anaa,Neutral
what if dem no give you back seat anaa all dey the craft inside ğŸ˜…big up though,Neutral
why you dey anaa,Neutral
but abi we go vote bia anaa,Neutral
i told you to release mendy so that man city wont buy chilwell not greenwood u somke anaa,Negative
abeiku santana den he bi commonwealth chief chorister anaa,Neutral
ah sebor paa expect what even on your birthday koraa nothing na vals day buh we dey in relationship paa so now if adey act single aa ibi my fault anaağŸ˜‚ğŸ˜‚ğŸ˜‚ğŸ˜‚   puredrive,Neutral
aden you smoke anaa,Neutral
eeeiii you go cook am before anaa raw meat na,Neutral
oh but i think say abeiku always dey around despite anaa ebe en buddy o,Neutral
this things you dey ya na ye gyimee anaa s den,Negative
so you dey fear   anaağŸ¤”,Neutral
ah abeiku santana be choir master anaa,Neutral
ahhh you fool anaağŸ˜‚,Neutral
oh i like that make i drop my momo anaa ğŸ˜,Positive
now playing is countryside ğŸ”¥ğŸ”¥spotify is giving me some clear sound anaa e bi my new earpiece stcogetmgyi,Neutral
bro you forget me anaa,Neutral
them no dey roof their building anaa,Neutral
you dey travel anaa,Neutral
eei forest now bi retirement home anaa why all the ogs dey go there,Positive
aaaah why gwagon them be game boys anaa ğŸ˜€ğŸ˜€ğŸ˜€ğŸ˜€,Neutral
eii now airteltigo too momo fraud to come their office anaağŸ˜³,Negative
you tooyou dey come marry now anaa,Neutral
why them hack your account anaa,Neutral
eii some ram bi anaa cos this your vim de ğŸ˜‚,Neutral
whoâ€™s blakk rasta is ğŸ¤” anaa mose drugs dey mess up my handsome saul  ğŸ˜‚ğŸ˜‚,Negative
masa you no go school anaağŸ˜‚ where you see low charge stop the skimming reading and do in depth,Positive
u wan some anaağŸ¤£ğŸ˜‚,Neutral
why rap be drawings anaa,Neutral
make we create wanna own language anaa what about a programming language in pidgin,Positive
ahh the guy nu he get problem plus  anaa cos eiii ğŸ˜…,Negative
idolo but you no be single anaa meboa,Neutral
ebi your team anaa,Neutral
what was the ill thing she said she says your opinion doesnt matter na praise the person aahh you bore na mo ey na mo agyimie anaa ğŸ˜‚ğŸ˜‚ğŸ˜‚,Negative
so if her husbee bi vice president nka she ll leave anaa ooohğŸ˜¥ğŸ˜‚,Neutral
why ğŸ˜¯u be scratch card anaa ğŸ˜ğŸ˜€ğŸ˜ƒ,Neutral
ahh why u dey feel the girl anaa which kind talk be this one,Neutral
u people wont allow us to bed in peace anaaâ€¦eeiiiâ€¦,Negative
you go score we anaa,Neutral
ğŸ¤£ğŸ¤£ğŸ¤£ğŸ¤£ğŸ¤£ğŸ¤£ğŸ¤£charleyabi he say no new signings anaa,Neutral
skysports no dey hear anaa ğŸ˜‚ğŸ˜‚,Neutral
u wan hijack the deal again anaa cos,Neutral
ah the boy he fool anaa ğŸ¤¦,Negative
ah united figa gavi den pedri be ebola den covid anaa cos this sanitizer dem dey take come face we değŸ˜­ğŸ˜‚,Neutral
why the car no reach where them dey go anaa  ğŸ˜‚ğŸ˜‚,Neutral
gyimii saa oh so is he trying to say he killed his parents anaa,Negative
ei some world war  bi dey come anaa everybody dey gym ğŸ˜­,Neutral
ah that rui costa nu wagyimi anaa ğŸ˜  is the club his president mpo nie na owner ntweew ğŸ˜ğŸ˜,Ghanaian Pidgin
this one be kraman banku,Negative
masa thats not the only song she has kraman kte fit win am  suazhovqqc,Neutral
that dr kraman guy ankasa he be correct guy,Positive & Negative
kraman ba  millionei chale if i buy this dog he for feed me  times i day or something because,Neutral
everybro dey do banter so u too dey do somelmao komot urself kraman,Negative
you get chairman or kraman  in  voice  ğŸ¤£ğŸ¤£ğŸ¤£deadlineday enzofernandez royalsports  sziwtyka,Neutral
just odds you wan show sportybet that youâ€™re smart aaama ade no nso machine no enim mu kyn yğŸ’” ne  mo aha nipa paa o matches no de masağŸ˜­ğŸ˜­,Neutral
we go cook saaa nso eben da,Neutral
i crush keep nso  ooo,Neutral
penaldo fans dey make noise too muchğŸ˜…ğŸ˜…every little thing biaa they want to compare and contrast nso adeÉ› yi nfağŸ˜†ğŸ˜†,Negative
wobisa s saawotumi hire fine girls nkoaaa wor wo video mu nso you nor dey touch dm seff s y wo f ğŸ˜‚,Neutral
charlie hmmm abi mo nso dierr boi,Negative
na aden unfollow her nso eeerrrr anaa u dey like wat u dey see for ur tl top,Neutral
the ordinary ghanaian girl no dey bleach s dark chocolate aa,Positive
yh hiring canopy then things yebetwa ntoma nso,Neutral
pulse nso wey question be this,Neutral
all what they know is to call you a hater if bron ainâ€™t your fav or goatself acclaimed goat nso y goat,Negative
if i get aaa i will read ooo nso menp reading baako sieğŸ˜‚,Neutral
ur news finish anaa aaaah tv paaa wei nso ye news,Negative
but where u grow ketch too nso your parents donâ€™t want u to talk to boys or what  they know u dey uni so it should be a normal thing,Neutral
hw ooo he saa nso dey want better reason to break up chai lord whatever sinful lifestyle im living make i no mumu like this wan amenğŸ™,Positive
u get money come pay saa nso dey spy ur phone topwhy not stay home nd check onlineedey vex me pass but once a while adey pass through especially ucl night sekof the atmosphere b epic ğŸ”¥ğŸ”¥,Neutral
sofo nso na politics dey sweet you like that boie ğŸ˜‚,Negative
kwasia u know the education this man dey give we here  ges sef no fit dowo suit green s greener pastures nso woho kyere wo,Negative
eeii wofa wo nso woyÉ› emotional papayou probably typed this with tears in your eyes  relax small na u fit pass inside die one day if chelsea loses ğŸ™ğŸ½,Negative
its not him na wokoraa nso ahhow many times shouldnhe say heâ€™s not on telegram,Neutral
may dn ğŸ¤£abi cul lady nso oooğŸ˜†,Negative
i feel this girl nso i canâ€™t sayğŸ’€ğŸ˜­ğŸ’”mâ€™ano mm,Neutral
stonebwoy trying to connect himself with big artists but some ghanaians dey troll him moa,Negative
the follow follow fuo nu nso will insult saaa eiii sake of coins ğŸ˜‚,Negative
ghana yesu nso na ass licking de you both are in your s and still lick his ass public toilet cleaner ğŸ˜‚ğŸ˜‚ğŸ˜‚,Negative
mede wo gyimi too muchreduce the herb intake den nsemhunu nso niemede fiorkor koraa,Negative
chaaaale ma eye get forkin that guy dey talk too much everything he wan talk some s nah wan k school papa nsoğŸ˜‚,Negative
vibesonvibes   u ppl go do saaa na me relationship agush want to talk but a cnt stop listeningeiiiii now a get gal nso oooo,Positive
kyer s she no dey even give bernard chance make he explainğŸ˜‚ğŸ˜‚ğŸ˜‚ğŸ˜‚ğŸ˜‚ğŸ˜‚bernard nso dier jon,Negative
hw wei nso ne kwasiaschoolmate wey how come them make um pass uğŸ¤£ğŸ¤£u never kno book or wetin gbemi kraa,Negative
kwasia na yâ€™É›tia ne hwewa so mprenu smhğŸ¤¦ğŸ¾â€â™‚ï¸ É”kwasia nso se yÉ›de nÃ² na yâ€™É›nde me yâ€™all dey laugh am for learn something,Negative
we outside we outsidenso dabiaa you dey houseğŸ’”ğŸ˜‚,Neutral
he said he was focused on the fulham game not the transfers nso nkwasia ball nkoaa,Negative
the vhibe i take come class today ehhğŸ˜‚ğŸ”¥ğŸ”¥buh hweee nni mi tri muğŸ˜‚ğŸ’ª,Negative
dabi o mufasa his music wahala naa ğŸ¤”ğŸ¤”,Neutral
u dey taya ooo oh dabi dabi,Neutral
yestee them waste my time for there saa i lef like,Negative
hw much be ur whole wardrobe sefgyimii kasa saa,Negative
shatta you make i laf saa wey i come step  ma remote top n breakâ€™am ğŸ˜‚ğŸ˜‚ğŸ˜‚,Positive & Negative
i fit make horny saa then blood dey comot nose,Neutral
aybi da  let ur blessings flow on me tonighti have tag you since morning tee saa oo i no see anything ooo ğŸ™ğŸ™ğŸ™ğŸ™ğŸ™dont mind am baba,Positive & Negative
ive drop saa you dont want to follow me some ğŸ˜”,Negative
aybi da  let ur blessings flow on me tonighti have tag you since morning tee saa oo i no see anything ooo ğŸ™ğŸ™ğŸ™ğŸ™ğŸ™,Negative
ğŸ˜‚ğŸ˜‚ i dey lie â€¦ wat we noe is sex sex saa  we canâ€™t contribute nothing to the world,Negative
i watch saa,No Sentiment
i dey wan big money saa wey i go select win ove for ajax chai ğŸ˜‚,Neutral
if you no be starman them fit toss you around saağŸ˜‚ğŸ˜‚e go over you sef,Negative
you chop pizza saa see the way you make fresh,Positive
kommot for there progress papa ben mmo ab krnoo saa your cup ll be full one day sia mahn,Negative
i remember when dem throw this guy out of live showhe cry saa wey him tears stain me how time flies,Negative
herh me i crush on you saa i taya why the reshin is too much ah tsww,Negative
i do am saa bro,Neutral
ei saa then if this year end i go change am,Neutral
bro i have send momo number saa ğŸ˜ªğŸ˜ªğŸ’”,No Sentiment
who dey cry  adey cry over kaly jay ğŸ¤£ğŸ¤£woy kwasia saa,Negative
he dey tension me saa hoh,Neutral
chale drop odds ğŸ¥º over the week bet chop me saa,Negative
ah ebi passport dem dey use to travel eii saağŸ¤”ğŸ¤”,No Sentiment
you dey mind saa kwasia boi wei,Negative
low key koko too do saa reach  cedis ei,Negative
no be like say adey chop omotuo oo gentleman man saa na ulcer,Negative
ow this shs dem nor take do you saağŸ˜‚,Negative
wey double chance prophesy this gyimie saa ğŸ¤£ğŸ¼,Negative
chale a vex saa,Negative
baba i tag u saa no mind me,Negative
saa wen dat and where be dat,Neutral
i do some i no sick saa den the card die since  â˜ºï¸,Negative
you no hy da fine saa but y normal,Negative
hw ooo he saa nso dey want better reason to break up chai lord whatever sinful lifestyle im living make i no mumu like this wan amenğŸ™,Positive & Negative
kwasia me adey love boobs howğŸ˜‚ğŸ˜‚eno be  wey dey love you di gyimie saağŸ˜‚ğŸ˜‚,Negative
u get money come pay saa nso dey spy ur phone topwhy not stay home nd check onlineedey vex me pass but once a while adey pass through especially ucl night sekof the atmosphere b epic ğŸ”¥ğŸ”¥,Positive & Negative
i stare saa i never trip sefğŸ¤£,Neutral
i tell you i dey here zooming it saa to see it very well ğŸ˜‚,No Sentiment
he go come spoil everything bad luck saa no,Negative
trust the process saa now i get trust issues sef,Negative
so u no go bring ma own enti saa na yÉ›di É”dÉ” ğŸ˜ŒğŸ˜Œ,Negative
naaa ago buy that one saa  pieces instead by baako p gh,No Sentiment
i send â€œenokayâ€ my number â€œâ€ saa he no send me money ğŸ¥²ğŸ¥²ğŸ˜‚ğŸ˜‚ğŸ˜‚ğŸ˜‚ğŸ’€,Negative
bless me some bro i comment saa,Neutral
big boss i don tweet saa ano barb your giveaway some da today dier make my luck shine,Positive & Negative
bro i root saağŸ¤£,Neutral
d for daben hmmm  a drop saa you never locate me,Negative
i drop saa buh still ano get ğŸ™,Negative
so you do saa now you dey get engagement eii ğŸ’”ğŸ˜‚,Positive & Negative
a shock koraa turkey too be place we dey hustle for wey he brag saa like that ğŸ¤£ğŸ¤£ğŸ¤£ğŸ¤£,Negative
dem hype my man saa all tournament one match p kill ein career,Negative
my don i tag you saa no dey mind me but still dey watch ur moves lol,Negative
today i say make i wear pad then see herh saa pad mu yd ei my balls all make coldğŸ˜©,No Sentiment
you just do fa no saa and move on,Negative
i laugh saağŸ˜‚ğŸ˜‚,Neutral
crashing nu y mu levels we dey stage one heâ€™s basically saying help us not to get to stage  ny saa la wu,Positive & Negative
i drop saa  sgzl,No Sentiment
a laugh saa charle ğŸ˜…ğŸ˜…ğŸ’€,Neutral
ibi we boys ahhh go marry them saa ohhh,Negative
so you call the camry and babar shop achievements na wagyimi saa  not your fault cos some client cheap ein body make you see k so you figa you be chairman aboa bi kwa,Negative
people de like these things too mich so noor mudryk come do small show against lipool them make noise saa,Neutral
its the way ghtwitter clipped kojo jones wings for mesaa na he wants t go into politicsboi,Neutral
my own lef me go marry after  years ur own sef considered u saa for  years she deserves a degree certificate sha,Positive & Negative
chale you go tell we the management member then teammate all saa no gyimii no  seqtm,Negative
e leff small like we dey find him naa wey he saa lost again so we still searching ğŸ˜¤ğŸ˜¤,Positive & Negative
he is a joke aswere ğŸ˜‚ğŸ˜‚ğŸ˜‚ğŸ˜‚ see who get criticizing mouth ay no go mess like this ğŸ˜‚ğŸ˜‚ğŸ˜‚ depression di saa ğŸ˜‚,Negative
this one says atsu has been foundthis also says he hasnt been foundfirst to break the news foÉ”we begthink about his wife and family okdem dey go through alotmu pÉ› saa dodo,Negative
blacko go do saa na sad boys start dey drip like thisğŸ˜‚ğŸ˜‚  swhrp,Neutral
ğŸ˜‚ u messop oğŸ˜‚ i laf saa,Negative
for me i will stop texting cos am not lucky here cos i beg forcedis saa i couldnt get some,Negative
boss i send saa you no dey see me sef   stuyy,Negative
dem lash you saa how dem go fearğŸ¤£,Negative
ah buh you sef one day some lady go choose youğŸ˜‚ğŸ˜‚wo saa no,Negative
so god dey play us like tv game ny saa,Negative
i do ham saa nothing comes to me nana agyemang  sonpu  serf,Negative
i saa drop again,Neutral
you use kirkland saa from first year but nothing comeat this point dier you for start dey drink o,Neutral
u never dey follow to broğŸ¤£ğŸ¤£ i do saa,Neutral
ma commenti saa everyday buh here i am today too   sqqwjsm,Neutral
ğŸ™  i drop saa but i never chop some beforeğŸ™ğŸ™ğŸ™,Negative
ğŸ˜‚i laugh saa,Neutral
i do saa i no win some before oo vamos ğŸ”´ğŸ”µ,Negative
norr we dey joke dey joke but charle this be someway paaa oh  why these people dem just no go fi free dem  these people sef i sure sey dem struggle saa before dem get people come do this thing ibi wickedness or what  kmt  snzipogudm,Positive & Negative
chale the bet i try register saa e nor dey work ooo,Negative
i do am saa ooo baba,Neutral
afi do saa then i conf then i go vex dawgğŸ¤£,Neutral
ei saa na our own to spy somebody ein pocket,Negative
one nil defeat dey pain pass esp of the goal come early yÉ›bÉ›ti yÉ›bÉ›ti saa na ref apon ğŸ˜‚  shccl,Negative
ohh saa i see here we dey,Neutral
fear women ooo bernard shock saa he no know what he go talk mpo again she no dey allow make he talk sef ğŸ˜‚,Negative
no be that alone bro i dey take madrid win bet saa i bet the game under  wey put big one for topi am still smiling ğŸ˜‚ğŸ˜‚ğŸ˜‚,Negative
ah charley i try saa,Neutral
nigga dey blow nonfa saa ğŸ˜‚,Negative
e hard oo mechanics dey fit like me saa then i dey beg,Neutral
youâ€™ll do saa then you collect,Neutral
messi for do something nny saa yawuadey fear pass herrğŸ˜‚,Positive & Negative
nagodfc bros i have been following saa since  days ago but nothing boss pls make this sunday a memorable one for me,Positive & Negative
madwen ho saa i just dont get it moretimes them for change coach,Neutral
i check saa i no get some man no nice ğŸ˜’,Negative
lmao you know what cavs take do meğŸ˜‚ğŸ˜‚ğŸ˜‚i switch teams saa rydee i shun dey watch saf,Negative
chale u squad for talk we things udey do oo everyday budget saa but nothing better,Negative
lmao he come yob we figa say he go go scot free i think about it saağŸ˜‚,Neutral
dem bench am saa last minute kraa before he come play some,Negative
boss last thursday i did saa buh didnt get it giveaway abeg today de dont go pass me,Positive & Negative
pressure from who u watch wonna match today plus evertonâ€¦go check highlights dem chop yellow saaa bugabuga,Neutral
we dey do this thing againwe go play saa then dem equalize,Neutral
small time clubs will keep your players on the wings out and you will see if you can win matches iwobi and mcneil have been very good helping mykolenko and coleman so you guys go pass saa but you no dey see top,Neutral
bestie bestie saa den u eat am ğŸ˜­,Negative
piratebay wey them barb them saağŸ˜¹ğŸ˜¹  sgjn,Neutral
fa wogyimii kcc o ahomasuo foc kwasia u think u go shine saa woni twaaaasidi,Negative
this thing some do me before  adey check in some white couple wey them dy stress me  wey atalk for twi inside sey â€œmo hâ€™adwen oâ€ the man say saa plus the twi accent wey them dy laugh bro ğŸ˜‚ğŸ˜‚ğŸ˜‚ğŸ˜‚ğŸ˜‚atear roff,Negative
bossu i tweet saa u always dey skip me a stcoztvyhtofl,Negative
i drop saa i tire sef,Negative
me too make i drop i did saa u didnt see the tweet i try to find it too have engage saaa ur tjunhs kwaaa adey see brogad,Negative
boss no check ma page i post saa,Neutral
covid kwraa is tired of ghana people chop money on its back saa he taya self,Negative
so as i drop saa wey anor get somee goood bro ğŸ˜¥ğŸ˜¥ğŸ˜¥ğŸ˜¥ wey adey follow him and more hmm,Negative
we send this kinda saa enever reach wanna top that,Negative
u do saa e no reach me,Negative
sadiq  boss since yesterday oo i drop saa ğŸ™i beg make i see top  sntyt,No Sentiment
bro adey follow u saa but ano win ur giveway some today bless me small,Positive & Negative
i drop saa boss,Neutral
the land sef he no get to lay the foundations saa na wasa,Negative
i laff saa that guy is cursing saa ğŸ˜‚ğŸ˜‚ğŸ˜‚,Neutral
wogi l no saa aden me bro,Neutral
saa al batin team wey ibi relegation nor dem go go laarh ğŸ˜­ğŸ˜­ğŸ˜­ğŸ˜­,Neutral
mudryk think say here be warzone he fo de run run saa ğŸ¤£ğŸ¤£,Negative
saağŸ˜‚ğŸ˜‚ so ego be gbushiagbushia,Neutral
gyemii saawey tin be this,Negative
so  can drop two tracks in a day like what he was doing with amerado beef thing nor n yaa starve y saa no,No Sentiment
hype saa na he flop,Negative
if uno change ago worry u saa,Positive & Negative
that be my biggest headache chale he go do saa then limit enzo,Negative
kwaw nor wan talk but pono do saa kwaw release the truth kwaw god richly bless u   ur mother underground artist like u,Negative
masa stop this jon thing we drop saa no momo,Negative
aww boss  abeg look ma way a tweet saa,Neutral
oh saa wo y taadi boy  no wonder yall should stop shitting around the sea sekof cat kraa wont do it,Negative
we dey hype saa den it cast,Negative
you dey like the guy too much you talk saa he left so what be your problem nowğŸ¤£,Negative
my aunt asked me recently where i dey work i tell am say silverbird cinemas and she just sighed and said nana kwame a na onim ade saa no cinemashit get to me but i wave am off listening to the song just trigger so muchsighs in french,Neutral
bossu why we finish the giveaway anaa i tweet saa ny hands all dey hurt,Negative
me kraa mpo saa as i see am the first time if you know what i mean,Neutral
it dey bost my brain saa,Positive
i tweet saa i tire,Negative
this song a fit repeat saa ğŸ˜‚ğŸ˜‚if adey soak the album,No Sentiment
world cup world cup saa u go sign enzo for ğŸ˜,Neutral
bossu them do saa all my money leff ghps aah i conf seff,Negative
fine girls like this wey go chop money saa aswearğŸ¤” sohofriday,Negative
saa boy no he go mmomğŸ™„i am well sohofriday,Neutral
saa come win my soul for christ ğŸ˜Š,Positive
david ornstein he brings the final piece fabrizio go speculate saa wobehu na chelsea go buy am,Neutral
myself koraa i wonâ€™t take a bullet for na saa akoa tiatia nno,Negative
i drop am saa bossu,Neutral
blood sample you go draw you stab stab me saa madam why i steal your something,Negative
chale i laugh saa ğŸ˜‚ğŸ˜‚ğŸ˜‚ sark er,Neutral
i drop saa ğŸ™   spnopifo,Neutral
na s woo wagyimi saawano ho nwin s kway wati siiatono wonder  said u bi funny,Negative
so me ano dey inside or watğŸ˜­ğŸ˜­ nagodfc  i have reply saa buh still not received mine awwğŸ˜­ğŸ˜­  spgvo,Negative
i do saa nothing for me nana agyemang  bless me today ğŸ˜¥ğŸ˜¥ğŸ˜¥ğŸ™ğŸ™ğŸ™god bless  stcomkehlxgz,Positive
we like am saa wai please tell your people that defeats are also part of the game ok,Positive
saa so lef me ong ğŸ˜‚,Neutral
ohhhh saa buh kumerica no be part of ghana ooo sendcashfromabroad,Neutral
i drop my number saa ano get the momo some ebi ghost wey dey do me so or wat,Negative
this matter ego go back and forth saa,No Sentiment
i iaugh saa,Neutral
bet deir you for use  your mind to it ooo else dem go chop you saa,Positive & Negative
ne jon wode wonnim nyansa so itâ€™s hard to talk with youğŸ˜‚ğŸ˜‚ğŸ˜‚ you dey contradict yourself saa eiğŸ˜‚,Negative
i drop saa but it never reach me   make i receive the blessing some,Positive & Negative
we go come back with last position saa,Negative
u force saa get handshake ğŸ¤ wkhkyd,Negative
this guy i score am saa,Negative
chale i watch the thing liketimesi laugh saağŸ˜‚ğŸ˜‚ğŸ˜‚puom musicğŸ˜‚ğŸ”¥,Negative
saa rasta wei ankasa we for lash am na be too funny ğŸ˜‚,Negative
you go do saa then the thing go tear ein eye top â€¦first time proper come your life inside see what you dey do,Positive & Negative
you barb ebi recently wey wanna rector agree make dem participate in the nsmqyou go study den pray saa,Positive
i laugh saaeeeiii something s cooking small small,Neutral
song dey parp gyae saa,Positive & Negative
you people go hype greenwood saa then next month we go see am for nsawam prisons,Negative
aden na wop gyimii saağŸ˜‚ğŸ˜‚ğŸ˜‚ you do saa make  bore ğŸ˜‚ğŸ˜‚,Negative
abeiku wey them skip am like back benchers and am lectures saa no,Negative
brooo hmm a watch am saa she change ooo herh this is sad,Negative
we need a marriage minister na the girls dey cheat we you go dey plus them saa na old man bi come take we want them to be married by force to us,Negative
see heri know this paadont beg for water it will raindont beg for food dont beg for money saa then you die before your time pride is killing mist youth learn to beg when neededwe all need somebody to success,Positive & Negative
as dem chop your mother saa what she get from am,Negative
hw ne lips be ose obi y drugsâ€¦ nkwasia akeka saa kk gyimie,Negative
blakk rasta ankasa no bro shda know am saa oo aboa banku be popular pass am mmom,Negative
make dem know idol sie line saağŸ˜‚ğŸ˜‚ğŸ˜‚,Neutral
chale i think about that thing saa like just make a straight road from there like how hard would that be erh now you have to go all the way saaa before you come ho ğŸ˜ª,Negative
saa ppp you no no get choice nanağŸ¤£,Negative
chill bro sark nodey carry bozos dema matter put ihn heart saa you barb,Positive
i dey front seat saa nso nothingebi obinim backside dey motivate me me nsua hwee heeehee,Negative
we drop drop saa u donâ€™t follow back i ll unfollow u mpo,Negative
chale the song den dey play for the video inside nu â€¦ dem dey play for funeral under waaâ€¦ i search am saa i taya abeg where ago get the full mix,No Sentiment
that trick your godfada use for me saa e no work try again,Negative
we go watch kwabena yeboah saa nana monday night highlights,Neutral
united will eat them saağŸ˜‚ğŸ˜‚ğŸ˜‚,Negative
you go do saa then i lash you,Negative
i tweet saa uno dey mind me sef,Negative
you guys bought lukaku dede saa na he turn bankuğŸ˜‚,Negative
so chelsea do eye red saa buy enzo,Neutral
chairman  toast me plus momo giveaway saa,Neutral
fool saa make chelsea sign this player ğŸ˜‚,Negative
nanka dem saa for lash am as he dey ground,Negative
dem plant some greens saa add tree senior contractor go vex oooo,Negative
this vibe be making me laugh saa ğŸ˜‚ğŸ˜‚ğŸ˜‚  swgrd,Neutral
you go do saa then his record label go find u in public and do the needful hmm,Neutral
the way chelsea fans dey refresh fabrizio ein page nbs dem go do saa till the phone ankasa restart,Neutral
i listen space saa my ears sef dey pain me,Negative
herrrrrğŸ˜‚ğŸ˜‚ğŸ”¥ğŸ”¥this one de din ooooğŸ”¥ğŸ”¥ğŸ”¥welcome moğŸ”¥â¤ï¸,Neutral
wo din kraa kyer s wegyimi e be him for fight corruption give u  hating is hardwork keep it up  allow the young man to entertain some of us here n fa wo gyimi ko  mr politician,Negative
boss you say you nor kai i say i hear din what again,Neutral
chairman dey do weightlifting at aj anaa,Negative
ahh you be dog anaa,Negative
ah ibi say legacy definition way boys no dey understand anaaâ€¦ letâ€™s start the discussions again why compare samini and sark in terms of legacy in the music industry make boys listen to what the presenter dey talk and stop deviating from the issue ğŸš¶ğŸ»â€â™‚ï¸,Negative
so you go back anaa ğŸ˜‚ğŸ˜‚,Neutral
maybe some btc land for your wallet arh you go get soft life oo anaağŸ”¥,Positive
i want see say i reach anaağŸ˜‚ğŸ’”swine,Negative
sarfo want stop the medicine anaağŸ˜¹,Neutral
na akpeteshi be dewormer anaalike you talk blood tonic eno bad kwraaa ooo so we both didnt our homework wellthank you,Negative
weeks di why ğŸ˜‚ein blood no dey finish anaa,Negative
u still dey use infinix anaa snr ambassador ğŸ¤©â¤ï¸ğŸ˜ğŸ˜‚,Negative
every day he dey score enso ni epl goals yi no dey barbhe started on negative anaa,Negative
ğŸ¤£ğŸ¤£ğŸ¤£ğŸ¤£ ne gyimii se i will date you hw you must be his wife ğŸ¤£ğŸ¤£ğŸ¤£ğŸ¤£  na please ooh your father no buy house anaa  am just saying,Negative
enokay what ghanamantips talk ebi true ooooo no body can give us  odds back to back for  days anaa we go try again,Neutral
anaa make i goo beg my ex,Neutral
thinking ebi easy to do amğŸ˜†ğŸ˜†make we leave am make he come do ma erh anaağŸ˜†ğŸ˜†,Negative
the abrab for accra dey run me streets wey i no dey see top eii ğŸ˜’boi make i go back to my village anaa because eiiğŸ˜’,Negative
ah why you figure city we dey down like that anaa who you dey support make we check history,Neutral
oh e b lie anaa bro,Neutral
this guy dey mad anaa ğŸ˜‚ei,Negative
max no e be maximum anaa sÉ› me din maxwell na wo de ama wo kra no,Negative
u fool anaaand can u compare any of the artist mentioned above to sarkodie anaa ofui,Negative
today be sponge day anaa,No Sentiment
alhilal to beat real madrid anaa e never go happen ğŸ˜like â¤ï¸ if dem go fit,Neutral
you dey compare portugal to argentina anaa,Neutral
anaa adey lie,Neutral
edey pain you anaa ğŸ˜‚ğŸ˜‚,Negative
ohabi ebe soo norr anaa,No Sentiment
make i state my own anaa ğŸ¤£ğŸ¤£ğŸ¤£,Neutral
some girl say make atemuda buy um  bedroom house for golf city homes before she go date umâ€¦excuse me to say but yaa na moagyimi gyimi anaa s den,Negative
yesu the smoke anaa cos circle jonky man paa,Negative
but the brazilian striker dey anaa,Neutral
u wanna watch plus me anaağŸ¤£ğŸ˜‚,No Sentiment
games dey top already anaa,Neutral
make we tell them anaa,Neutral
please if you dey around too you can join anaa,No Sentiment
oh them chopping anaa abeg add me make i see some me ano go block bia,Positive & Negative
this time de abeg i no go take pic but a signed jerseyabeg ur mind dey anaa cos i dey come dawu,Neutral
remix dey come anaa,Neutral
so make nana addo take u go there anaa,Neutral
y dem swap flagstaff for sika anaa,Negative
than nunez anaağŸ¤·â€â™‚ï¸ğŸ¤”,Neutral
as you get mac book i fit come take the rog anaa,Neutral
bossu i dey me den my womananaa wosop,Neutral
he build stadium for u oo anaa ğŸ¤£ğŸ¤£ğŸ¤£,Negative
you no get nothing do anaa he said this soo what how many years this why who you be way your respect for him reduce lol he no mo you sef ğŸ¤£ğŸ¤£ğŸ¤£,Negative
enti agya yesu u no locate my sentence anaa anyway my number,Neutral
you left people who wants john mahama back anaa they are not part ğŸ¤£ğŸ¤£ğŸ¤£,Negative
man why dem curse me anaa,Negative
snr u no see me anaa   shxowc,Neutral
ibi self explanatory o anaa ğŸ˜‚ğŸ˜‚,Neutral
so still people dey chop bet anaa cos you stake say nana addo go wear suit saf aa dat day he go don kaftanğŸ˜‚ğŸ˜‚ eiiiii,Negative
sia you no  be fan anaa ğŸ˜,Negative
so as u dey declare am no mk we stop d search anaa,No Sentiment
the person why watsapâ€¦ he take something anaa ğŸ˜‚ğŸ˜‚,Negative
ğŸ¤£ğŸ¤£ğŸ¤£ğŸ¤£ğŸ¤£ make we tell am anaa,Neutral
why your comment finish anaa  or you no get commentğŸ« ,Negative
e pain u anaa,Negative
you won open rural bank anaa ğŸ˜‚ğŸ˜‚aden aah k cant star momo business  niggas start with k saf and make profit,Negative
secof aget clean heart wey you squad dey do me dirty anaa what ğŸ˜”,Negative
niggas called in the show were venting seriously about ghanaian nurses lmao somebody say make i ask dem say dem dey tear cheating as course anaa ğŸ˜‚ğŸ˜‚,Negative
momo anaa you make dem chop me saaa,Negative
abeg u go love show hasbulla something give we anaa,Neutral
eei fine girls dey oo anaa ebe me p ano dey see,Positive
ebi ikoko anaa,Negative
as if the one we go vote give go give us job nyansa biara nni mu,Negative
s wo nni biaa dem dey wish you wellafei wo bnya biaa dem dey wish you hellfameye,Positive & Negative
rashford get ball norr he want shoot â€¦ wagyimi anaa,Negative
you listen commentary for radio anaağŸ˜‚ğŸ˜‚,Negative
this be yourred letter to blac rasta anaağŸ¤£ğŸ¤ªğŸ˜€ or nah kelvin taylorğŸ¤£,Negative
make we delete one anaa,Neutral
kwasia you dey lose saa dey fool,Negative
